Dataset,Optimizer,Topology,Emigration,ChoiceEmi,ChoiceImm,NumberEmiImm,IntervalEmiImm,ObjfName,k,ExecutionTime,SSE
balance,MPI_SSA,RING,CLONE,WORST,BEST,5,2,SSE,3,37.88,138.95
blood,MPI_SSA,RING,CLONE,WORST,BEST,5,2,SSE,2,48.46,36.8
pathbased,MPI_SSA,RING,CLONE,WORST,BEST,5,2,SSE,3,17.74,8.56
smiley,MPI_SSA,RING,CLONE,WORST,BEST,5,2,SSE,4,30.0,11.72
vary-density,MPI_SSA,RING,CLONE,WORST,BEST,5,2,SSE,3,9.04,2.48
wine,MPI_SSA,RING,CLONE,WORST,BEST,5,2,SSE,3,11.44,29.97
balance,MPI_SSA,TREE,CLONE,BEST,WORST,5,1,SSE,3,37.49,138.95
blood,MPI_SSA,TREE,CLONE,BEST,WORST,5,1,SSE,2,46.19,36.8
pathbased,MPI_SSA,TREE,CLONE,BEST,WORST,5,1,SSE,3,18.74,8.56
smiley,MPI_SSA,TREE,CLONE,BEST,WORST,5,1,SSE,4,28.51,11.72
vary-density,MPI_SSA,TREE,CLONE,BEST,WORST,5,1,SSE,3,9.25,2.48
wine,MPI_SSA,TREE,CLONE,BEST,WORST,5,1,SSE,3,11.31,28.06
balance,MPI_SSA,NETA,CLONE,WORST,BEST,5,1,SSE,3,37.37,138.9
blood,MPI_SSA,NETA,CLONE,WORST,BEST,5,1,SSE,2,48.16,36.8
pathbased,MPI_SSA,NETA,CLONE,WORST,BEST,5,1,SSE,3,17.17,8.56
smiley,MPI_SSA,NETA,CLONE,WORST,BEST,5,1,SSE,4,28.99,11.71
vary-density,MPI_SSA,NETA,CLONE,WORST,BEST,5,1,SSE,3,9.3,2.48
wine,MPI_SSA,NETA,CLONE,WORST,BEST,5,1,SSE,3,11.27,27.6
balance,MPI_SSA,NETB,CLONE,WORST,BEST,4,4,SSE,3,37.62,138.94
blood,MPI_SSA,NETB,CLONE,WORST,BEST,4,4,SSE,2,48.0,36.8
pathbased,MPI_SSA,NETB,CLONE,WORST,BEST,4,4,SSE,3,17.39,8.56
smiley,MPI_SSA,NETB,CLONE,WORST,BEST,4,4,SSE,4,29.81,11.72
vary-density,MPI_SSA,NETB,CLONE,WORST,BEST,4,4,SSE,3,9.11,2.48
wine,MPI_SSA,NETB,CLONE,WORST,BEST,4,4,SSE,3,11.17,28.26
balance,MPI_SSA,TORUS,CLONE,WORST,WORST,5,1,SSE,3,38.08,138.91
blood,MPI_SSA,TORUS,CLONE,WORST,WORST,5,1,SSE,2,50.16,36.8
pathbased,MPI_SSA,TORUS,CLONE,WORST,WORST,5,1,SSE,3,18.16,8.56
smiley,MPI_SSA,TORUS,CLONE,WORST,WORST,5,1,SSE,4,30.9,11.71
vary-density,MPI_SSA,TORUS,CLONE,WORST,WORST,5,1,SSE,3,9.05,2.48
wine,MPI_SSA,TORUS,CLONE,WORST,WORST,5,1,SSE,3,11.79,28.31
balance,MPI_SSA,GRAPH,CLONE,BEST,RANDOM,2,4,SSE,3,38.05,139.07
blood,MPI_SSA,GRAPH,CLONE,BEST,RANDOM,2,4,SSE,2,47.41,36.8
pathbased,MPI_SSA,GRAPH,CLONE,BEST,RANDOM,2,4,SSE,3,18.24,8.56
smiley,MPI_SSA,GRAPH,CLONE,BEST,RANDOM,2,4,SSE,4,29.9,12.07
vary-density,MPI_SSA,GRAPH,CLONE,BEST,RANDOM,2,4,SSE,3,8.62,2.48
wine,MPI_SSA,GRAPH,CLONE,BEST,RANDOM,2,4,SSE,3,10.85,29.34
balance,MPI_SSA,SAME,CLONE,RANDOM,BEST,3,4,SSE,3,31.54,139.69
blood,MPI_SSA,SAME,CLONE,RANDOM,BEST,3,4,SSE,2,38.03,72.3
pathbased,MPI_SSA,SAME,CLONE,RANDOM,BEST,3,4,SSE,3,12.84,8.62
smiley,MPI_SSA,SAME,CLONE,RANDOM,BEST,3,4,SSE,4,26.27,12.56
vary-density,MPI_SSA,SAME,CLONE,RANDOM,BEST,3,4,SSE,3,7.39,3.92
wine,MPI_SSA,SAME,CLONE,RANDOM,BEST,3,4,SSE,3,9.35,55.5
balance,MPI_SSA,GOODBAD,REMOVE,RANDOM,WORST,4,8,SSE,3,29.65,139.77
blood,MPI_SSA,GOODBAD,REMOVE,RANDOM,WORST,4,8,SSE,2,41.18,73.91
pathbased,MPI_SSA,GOODBAD,REMOVE,RANDOM,WORST,4,8,SSE,3,12.99,8.62
smiley,MPI_SSA,GOODBAD,REMOVE,RANDOM,WORST,4,8,SSE,4,24.69,12.57
vary-density,MPI_SSA,GOODBAD,REMOVE,RANDOM,WORST,4,8,SSE,3,6.0,3.87
wine,MPI_SSA,GOODBAD,REMOVE,RANDOM,WORST,4,8,SSE,3,7.96,55.23
balance,MPI_SSA,RAND,REMOVE,WORST,WORST,1,1,SSE,3,24.48,139.76
blood,MPI_SSA,RAND,REMOVE,WORST,WORST,1,1,SSE,2,31.58,73.44
pathbased,MPI_SSA,RAND,REMOVE,WORST,WORST,1,1,SSE,3,14.37,8.86
smiley,MPI_SSA,RAND,REMOVE,WORST,WORST,1,1,SSE,4,19.14,12.57
vary-density,MPI_SSA,RAND,REMOVE,WORST,WORST,1,1,SSE,3,6.77,3.87
wine,MPI_SSA,RAND,REMOVE,WORST,WORST,1,1,SSE,3,9.08,55.5
balance,MPI_PSO,RING,REMOVE,RANDOM,BEST,5,2,SSE,3,35.97,140.32
blood,MPI_PSO,RING,REMOVE,RANDOM,BEST,5,2,SSE,2,43.91,37.67
pathbased,MPI_PSO,RING,REMOVE,RANDOM,BEST,5,2,SSE,3,16.3,8.56
smiley,MPI_PSO,RING,REMOVE,RANDOM,BEST,5,2,SSE,4,27.3,12.08
vary-density,MPI_PSO,RING,REMOVE,RANDOM,BEST,5,2,SSE,3,8.36,2.48
wine,MPI_PSO,RING,REMOVE,RANDOM,BEST,5,2,SSE,3,10.65,63.8
balance,MPI_PSO,TREE,CLONE,RANDOM,WORST,5,1,SSE,3,37.34,139.41
blood,MPI_PSO,TREE,CLONE,RANDOM,WORST,5,1,SSE,2,47.89,37.23
pathbased,MPI_PSO,TREE,CLONE,RANDOM,WORST,5,1,SSE,3,17.11,8.6
smiley,MPI_PSO,TREE,CLONE,RANDOM,WORST,5,1,SSE,4,29.57,12.1
vary-density,MPI_PSO,TREE,CLONE,RANDOM,WORST,5,1,SSE,3,9.36,2.48
wine,MPI_PSO,TREE,CLONE,RANDOM,WORST,5,1,SSE,3,11.28,57.78
balance,MPI_PSO,NETA,CLONE,WORST,BEST,5,1,SSE,3,38.02,139.31
blood,MPI_PSO,NETA,CLONE,WORST,BEST,5,1,SSE,2,47.2,37.01
pathbased,MPI_PSO,NETA,CLONE,WORST,BEST,5,1,SSE,3,17.69,8.56
smiley,MPI_PSO,NETA,CLONE,WORST,BEST,5,1,SSE,4,28.5,11.8
vary-density,MPI_PSO,NETA,CLONE,WORST,BEST,5,1,SSE,3,8.94,2.48
wine,MPI_PSO,NETA,CLONE,WORST,BEST,5,1,SSE,3,11.29,52.78
balance,MPI_PSO,NETB,CLONE,WORST,WORST,5,1,SSE,3,37.78,139.29
blood,MPI_PSO,NETB,CLONE,WORST,WORST,5,1,SSE,2,48.53,37.21
pathbased,MPI_PSO,NETB,CLONE,WORST,WORST,5,1,SSE,3,18.17,8.56
smiley,MPI_PSO,NETB,CLONE,WORST,WORST,5,1,SSE,4,28.63,11.81
vary-density,MPI_PSO,NETB,CLONE,WORST,WORST,5,1,SSE,3,8.92,2.48
wine,MPI_PSO,NETB,CLONE,WORST,WORST,5,1,SSE,3,11.31,50.66
balance,MPI_PSO,TORUS,CLONE,WORST,BEST,3,1,SSE,3,40.33,139.3
blood,MPI_PSO,TORUS,CLONE,WORST,BEST,3,1,SSE,2,46.65,37.01
pathbased,MPI_PSO,TORUS,CLONE,WORST,BEST,3,1,SSE,3,18.19,8.56
smiley,MPI_PSO,TORUS,CLONE,WORST,BEST,3,1,SSE,4,28.4,11.72
vary-density,MPI_PSO,TORUS,CLONE,WORST,BEST,3,1,SSE,3,9.42,2.48
wine,MPI_PSO,TORUS,CLONE,WORST,BEST,3,1,SSE,3,11.05,52.09
balance,MPI_PSO,GRAPH,CLONE,RANDOM,BEST,4,1,SSE,3,38.88,139.37
blood,MPI_PSO,GRAPH,CLONE,RANDOM,BEST,4,1,SSE,2,45.51,38.4
pathbased,MPI_PSO,GRAPH,CLONE,RANDOM,BEST,4,1,SSE,3,17.92,8.59
smiley,MPI_PSO,GRAPH,CLONE,RANDOM,BEST,4,1,SSE,4,30.11,11.84
vary-density,MPI_PSO,GRAPH,CLONE,RANDOM,BEST,4,1,SSE,3,9.2,2.48
wine,MPI_PSO,GRAPH,CLONE,RANDOM,BEST,4,1,SSE,3,11.43,57.31
balance,MPI_PSO,SAME,REMOVE,RANDOM,BEST,3,2,SSE,3,32.3,141.0
blood,MPI_PSO,SAME,REMOVE,RANDOM,BEST,3,2,SSE,2,42.31,72.65
pathbased,MPI_PSO,SAME,REMOVE,RANDOM,BEST,3,2,SSE,3,14.05,9.01
smiley,MPI_PSO,SAME,REMOVE,RANDOM,BEST,3,2,SSE,4,18.13,12.88
vary-density,MPI_PSO,SAME,REMOVE,RANDOM,BEST,3,2,SSE,3,6.75,3.26
wine,MPI_PSO,SAME,REMOVE,RANDOM,BEST,3,2,SSE,3,8.49,78.7
balance,MPI_PSO,GOODBAD,REMOVE,RANDOM,BEST,2,1,SSE,3,27.42,141.16
blood,MPI_PSO,GOODBAD,REMOVE,RANDOM,BEST,2,1,SSE,2,34.03,70.95
pathbased,MPI_PSO,GOODBAD,REMOVE,RANDOM,BEST,2,1,SSE,3,12.51,8.72
smiley,MPI_PSO,GOODBAD,REMOVE,RANDOM,BEST,2,1,SSE,4,21.09,12.9
vary-density,MPI_PSO,GOODBAD,REMOVE,RANDOM,BEST,2,1,SSE,3,6.62,2.9
wine,MPI_PSO,GOODBAD,REMOVE,RANDOM,BEST,2,1,SSE,3,9.08,80.17
balance,MPI_PSO,RAND,CLONE,RANDOM,BEST,1,10,SSE,3,25.9,141.42
blood,MPI_PSO,RAND,CLONE,RANDOM,BEST,1,10,SSE,2,32.86,71.41
pathbased,MPI_PSO,RAND,CLONE,RANDOM,BEST,1,10,SSE,3,14.46,9.01
smiley,MPI_PSO,RAND,CLONE,RANDOM,BEST,1,10,SSE,4,22.67,12.97
vary-density,MPI_PSO,RAND,CLONE,RANDOM,BEST,1,10,SSE,3,6.95,3.1
wine,MPI_PSO,RAND,CLONE,RANDOM,BEST,1,10,SSE,3,7.26,81.39
balance,MPI_GA,RING,CLONE,BEST,BEST,5,1,SSE,3,37.4,139.7
blood,MPI_GA,RING,CLONE,BEST,BEST,5,1,SSE,2,51.62,36.94
pathbased,MPI_GA,RING,CLONE,BEST,BEST,5,1,SSE,3,17.59,8.58
smiley,MPI_GA,RING,CLONE,BEST,BEST,5,1,SSE,4,29.31,11.78
vary-density,MPI_GA,RING,CLONE,BEST,BEST,5,1,SSE,3,8.8,2.48
wine,MPI_GA,RING,CLONE,BEST,BEST,5,1,SSE,3,11.09,35.13
balance,MPI_GA,TREE,CLONE,BEST,WORST,4,1,SSE,3,37.91,139.32
blood,MPI_GA,TREE,CLONE,BEST,WORST,4,1,SSE,2,50.89,36.87
pathbased,MPI_GA,TREE,CLONE,BEST,WORST,4,1,SSE,3,17.59,8.56
smiley,MPI_GA,TREE,CLONE,BEST,WORST,4,1,SSE,4,29.69,11.78
vary-density,MPI_GA,TREE,CLONE,BEST,WORST,4,1,SSE,3,8.86,2.48
wine,MPI_GA,TREE,CLONE,BEST,WORST,4,1,SSE,3,11.33,33.32
balance,MPI_GA,NETA,CLONE,BEST,BEST,4,1,SSE,3,37.86,139.38
blood,MPI_GA,NETA,CLONE,BEST,BEST,4,1,SSE,2,48.06,36.86
pathbased,MPI_GA,NETA,CLONE,BEST,BEST,4,1,SSE,3,17.52,8.56
smiley,MPI_GA,NETA,CLONE,BEST,BEST,4,1,SSE,4,30.98,11.8
vary-density,MPI_GA,NETA,CLONE,BEST,BEST,4,1,SSE,3,9.44,2.48
wine,MPI_GA,NETA,CLONE,BEST,BEST,4,1,SSE,3,11.11,31.6
balance,MPI_GA,NETB,CLONE,WORST,BEST,3,1,SSE,3,37.12,139.38
blood,MPI_GA,NETB,CLONE,WORST,BEST,3,1,SSE,2,47.07,36.87
pathbased,MPI_GA,NETB,CLONE,WORST,BEST,3,1,SSE,3,17.79,8.56
smiley,MPI_GA,NETB,CLONE,WORST,BEST,3,1,SSE,4,28.93,11.79
vary-density,MPI_GA,NETB,CLONE,WORST,BEST,3,1,SSE,3,9.31,2.48
wine,MPI_GA,NETB,CLONE,WORST,BEST,3,1,SSE,3,10.96,33.69
balance,MPI_GA,TORUS,CLONE,WORST,WORST,4,1,SSE,3,36.67,139.37
blood,MPI_GA,TORUS,CLONE,WORST,WORST,4,1,SSE,2,47.74,36.85
pathbased,MPI_GA,TORUS,CLONE,WORST,WORST,4,1,SSE,3,18.0,8.56
smiley,MPI_GA,TORUS,CLONE,WORST,WORST,4,1,SSE,4,29.83,11.79
vary-density,MPI_GA,TORUS,CLONE,WORST,WORST,4,1,SSE,3,9.04,2.48
wine,MPI_GA,TORUS,CLONE,WORST,WORST,4,1,SSE,3,11.21,32.88
balance,MPI_GA,GRAPH,CLONE,WORST,RANDOM,1,1,SSE,3,38.1,139.51
blood,MPI_GA,GRAPH,CLONE,WORST,RANDOM,1,1,SSE,2,50.43,36.85
pathbased,MPI_GA,GRAPH,CLONE,WORST,RANDOM,1,1,SSE,3,17.74,8.56
smiley,MPI_GA,GRAPH,CLONE,WORST,RANDOM,1,1,SSE,4,28.26,11.78
vary-density,MPI_GA,GRAPH,CLONE,WORST,RANDOM,1,1,SSE,3,9.39,2.48
wine,MPI_GA,GRAPH,CLONE,WORST,RANDOM,1,1,SSE,3,10.75,31.54
balance,MPI_GA,SAME,CLONE,BEST,RANDOM,3,8,SSE,3,29.6,145.09
blood,MPI_GA,SAME,CLONE,BEST,RANDOM,3,8,SSE,2,33.33,48.33
pathbased,MPI_GA,SAME,CLONE,BEST,RANDOM,3,8,SSE,3,12.46,9.64
smiley,MPI_GA,SAME,CLONE,BEST,RANDOM,3,8,SSE,4,19.36,14.51
vary-density,MPI_GA,SAME,CLONE,BEST,RANDOM,3,8,SSE,3,7.34,3.45
wine,MPI_GA,SAME,CLONE,BEST,RANDOM,3,8,SSE,3,7.81,93.35
balance,MPI_GA,GOODBAD,REMOVE,RANDOM,WORST,4,4,SSE,3,25.47,144.76
blood,MPI_GA,GOODBAD,REMOVE,RANDOM,WORST,4,4,SSE,2,36.93,51.81
pathbased,MPI_GA,GOODBAD,REMOVE,RANDOM,WORST,4,4,SSE,3,13.17,9.51
smiley,MPI_GA,GOODBAD,REMOVE,RANDOM,WORST,4,4,SSE,4,22.17,14.52
vary-density,MPI_GA,GOODBAD,REMOVE,RANDOM,WORST,4,4,SSE,3,5.38,3.28
wine,MPI_GA,GOODBAD,REMOVE,RANDOM,WORST,4,4,SSE,3,8.35,95.39
balance,MPI_GA,RAND,CLONE,BEST,BEST,1,2,SSE,3,33.7,144.85
blood,MPI_GA,RAND,CLONE,BEST,BEST,1,2,SSE,2,39.97,49.19
pathbased,MPI_GA,RAND,CLONE,BEST,BEST,1,2,SSE,3,13.61,9.72
smiley,MPI_GA,RAND,CLONE,BEST,BEST,1,2,SSE,4,20.42,14.48
vary-density,MPI_GA,RAND,CLONE,BEST,BEST,1,2,SSE,3,6.67,3.36
wine,MPI_GA,RAND,CLONE,BEST,BEST,1,2,SSE,3,9.44,93.91
balance,MPI_BAT,RING,CLONE,BEST,WORST,2,1,SSE,3,35.4,141.31
blood,MPI_BAT,RING,CLONE,BEST,WORST,2,1,SSE,2,44.91,73.8
pathbased,MPI_BAT,RING,CLONE,BEST,WORST,2,1,SSE,3,16.81,9.52
smiley,MPI_BAT,RING,CLONE,BEST,WORST,2,1,SSE,4,27.18,12.56
vary-density,MPI_BAT,RING,CLONE,BEST,WORST,2,1,SSE,3,9.06,3.9
wine,MPI_BAT,RING,CLONE,BEST,WORST,2,1,SSE,3,10.43,72.95
balance,MPI_BAT,TREE,REMOVE,WORST,RANDOM,5,1,SSE,3,36.43,141.57
blood,MPI_BAT,TREE,REMOVE,WORST,RANDOM,5,1,SSE,2,49.78,73.85
pathbased,MPI_BAT,TREE,REMOVE,WORST,RANDOM,5,1,SSE,3,17.1,9.6
smiley,MPI_BAT,TREE,REMOVE,WORST,RANDOM,5,1,SSE,4,27.58,12.63
vary-density,MPI_BAT,TREE,REMOVE,WORST,RANDOM,5,1,SSE,3,8.8,3.89
wine,MPI_BAT,TREE,REMOVE,WORST,RANDOM,5,1,SSE,3,10.36,73.05
balance,MPI_BAT,NETA,REMOVE,RANDOM,RANDOM,4,4,SSE,3,35.09,141.37
blood,MPI_BAT,NETA,REMOVE,RANDOM,RANDOM,4,4,SSE,2,43.36,74.17
pathbased,MPI_BAT,NETA,REMOVE,RANDOM,RANDOM,4,4,SSE,3,15.79,9.38
smiley,MPI_BAT,NETA,REMOVE,RANDOM,RANDOM,4,4,SSE,4,25.66,12.78
vary-density,MPI_BAT,NETA,REMOVE,RANDOM,RANDOM,4,4,SSE,3,8.57,3.91
wine,MPI_BAT,NETA,REMOVE,RANDOM,RANDOM,4,4,SSE,3,10.06,71.44
balance,MPI_BAT,NETB,REMOVE,WORST,BEST,3,8,SSE,3,36.26,141.64
blood,MPI_BAT,NETB,REMOVE,WORST,BEST,3,8,SSE,2,46.79,74.65
pathbased,MPI_BAT,NETB,REMOVE,WORST,BEST,3,8,SSE,3,16.79,9.22
smiley,MPI_BAT,NETB,REMOVE,WORST,BEST,3,8,SSE,4,26.42,12.63
vary-density,MPI_BAT,NETB,REMOVE,WORST,BEST,3,8,SSE,3,8.38,3.91
wine,MPI_BAT,NETB,REMOVE,WORST,BEST,3,8,SSE,3,10.75,69.7
balance,MPI_BAT,TORUS,REMOVE,RANDOM,RANDOM,4,6,SSE,3,34.99,141.49
blood,MPI_BAT,TORUS,REMOVE,RANDOM,RANDOM,4,6,SSE,2,44.92,73.3
pathbased,MPI_BAT,TORUS,REMOVE,RANDOM,RANDOM,4,6,SSE,3,16.64,9.23
smiley,MPI_BAT,TORUS,REMOVE,RANDOM,RANDOM,4,6,SSE,4,26.36,12.65
vary-density,MPI_BAT,TORUS,REMOVE,RANDOM,RANDOM,4,6,SSE,3,8.68,3.89
wine,MPI_BAT,TORUS,REMOVE,RANDOM,RANDOM,4,6,SSE,3,10.22,82.04
balance,MPI_BAT,GRAPH,CLONE,WORST,WORST,5,1,SSE,3,36.24,141.11
blood,MPI_BAT,GRAPH,CLONE,WORST,WORST,5,1,SSE,2,48.39,74.19
pathbased,MPI_BAT,GRAPH,CLONE,WORST,WORST,5,1,SSE,3,16.79,9.26
smiley,MPI_BAT,GRAPH,CLONE,WORST,WORST,5,1,SSE,4,28.16,12.64
vary-density,MPI_BAT,GRAPH,CLONE,WORST,WORST,5,1,SSE,3,8.88,3.87
wine,MPI_BAT,GRAPH,CLONE,WORST,WORST,5,1,SSE,3,10.25,74.73
balance,MPI_BAT,SAME,CLONE,BEST,RANDOM,2,8,SSE,3,25.4,141.56
blood,MPI_BAT,SAME,CLONE,BEST,RANDOM,2,8,SSE,2,29.82,73.86
pathbased,MPI_BAT,SAME,CLONE,BEST,RANDOM,2,8,SSE,3,12.84,9.39
smiley,MPI_BAT,SAME,CLONE,BEST,RANDOM,2,8,SSE,4,22.38,12.87
vary-density,MPI_BAT,SAME,CLONE,BEST,RANDOM,2,8,SSE,3,6.34,3.9
wine,MPI_BAT,SAME,CLONE,BEST,RANDOM,2,8,SSE,3,6.51,72.56
balance,MPI_BAT,GOODBAD,REMOVE,RANDOM,RANDOM,4,2,SSE,3,26.76,141.4
blood,MPI_BAT,GOODBAD,REMOVE,RANDOM,RANDOM,4,2,SSE,2,32.63,74.71
pathbased,MPI_BAT,GOODBAD,REMOVE,RANDOM,RANDOM,4,2,SSE,3,13.72,9.3
smiley,MPI_BAT,GOODBAD,REMOVE,RANDOM,RANDOM,4,2,SSE,4,23.73,12.64
vary-density,MPI_BAT,GOODBAD,REMOVE,RANDOM,RANDOM,4,2,SSE,3,7.72,3.87
wine,MPI_BAT,GOODBAD,REMOVE,RANDOM,RANDOM,4,2,SSE,3,6.95,71.27
balance,MPI_BAT,RAND,CLONE,BEST,RANDOM,4,6,SSE,3,23.65,141.5
blood,MPI_BAT,RAND,CLONE,BEST,RANDOM,4,6,SSE,2,32.81,74.04
pathbased,MPI_BAT,RAND,CLONE,BEST,RANDOM,4,6,SSE,3,13.04,9.42
smiley,MPI_BAT,RAND,CLONE,BEST,RANDOM,4,6,SSE,4,16.25,12.58
vary-density,MPI_BAT,RAND,CLONE,BEST,RANDOM,4,6,SSE,3,7.02,3.88
wine,MPI_BAT,RAND,CLONE,BEST,RANDOM,4,6,SSE,3,6.61,70.99
balance,MPI_FFA,RING,CLONE,WORST,RANDOM,5,2,SSE,3,39.48,138.9
blood,MPI_FFA,RING,CLONE,WORST,RANDOM,5,2,SSE,2,46.16,36.8
pathbased,MPI_FFA,RING,CLONE,WORST,RANDOM,5,2,SSE,3,18.01,12.54
smiley,MPI_FFA,RING,CLONE,WORST,RANDOM,5,2,SSE,4,29.4,11.71
vary-density,MPI_FFA,RING,CLONE,WORST,RANDOM,5,2,SSE,3,10.29,4.06
wine,MPI_FFA,RING,CLONE,WORST,RANDOM,5,2,SSE,3,12.26,32.63
balance,MPI_FFA,TREE,CLONE,WORST,RANDOM,2,1,SSE,3,37.54,138.9
blood,MPI_FFA,TREE,CLONE,WORST,RANDOM,2,1,SSE,2,49.46,36.8
pathbased,MPI_FFA,TREE,CLONE,WORST,RANDOM,2,1,SSE,3,19.73,8.56
smiley,MPI_FFA,TREE,CLONE,WORST,RANDOM,2,1,SSE,4,31.72,11.71
vary-density,MPI_FFA,TREE,CLONE,WORST,RANDOM,2,1,SSE,3,10.79,2.48
wine,MPI_FFA,TREE,CLONE,WORST,RANDOM,2,1,SSE,3,12.67,29.41
balance,MPI_FFA,NETA,CLONE,WORST,RANDOM,5,2,SSE,3,39.94,138.89
blood,MPI_FFA,NETA,CLONE,WORST,RANDOM,5,2,SSE,2,48.12,36.8
pathbased,MPI_FFA,NETA,CLONE,WORST,RANDOM,5,2,SSE,3,19.47,8.56
smiley,MPI_FFA,NETA,CLONE,WORST,RANDOM,5,2,SSE,4,30.39,11.71
vary-density,MPI_FFA,NETA,CLONE,WORST,RANDOM,5,2,SSE,3,10.74,2.48
wine,MPI_FFA,NETA,CLONE,WORST,RANDOM,5,2,SSE,3,13.08,28.45
balance,MPI_FFA,NETB,REMOVE,RANDOM,WORST,5,2,SSE,3,40.04,138.9
blood,MPI_FFA,NETB,REMOVE,RANDOM,WORST,5,2,SSE,2,49.47,36.8
pathbased,MPI_FFA,NETB,REMOVE,RANDOM,WORST,5,2,SSE,3,20.09,12.54
smiley,MPI_FFA,NETB,REMOVE,RANDOM,WORST,5,2,SSE,4,32.21,11.71
vary-density,MPI_FFA,NETB,REMOVE,RANDOM,WORST,5,2,SSE,3,11.27,9.76
wine,MPI_FFA,NETB,REMOVE,RANDOM,WORST,5,2,SSE,3,12.57,28.86
balance,MPI_FFA,TORUS,CLONE,RANDOM,RANDOM,5,2,SSE,3,38.72,138.9
blood,MPI_FFA,TORUS,CLONE,RANDOM,RANDOM,5,2,SSE,2,49.53,36.8
pathbased,MPI_FFA,TORUS,CLONE,RANDOM,RANDOM,5,2,SSE,3,18.93,8.56
smiley,MPI_FFA,TORUS,CLONE,RANDOM,RANDOM,5,2,SSE,4,32.23,21.55
vary-density,MPI_FFA,TORUS,CLONE,RANDOM,RANDOM,5,2,SSE,3,10.91,2.48
wine,MPI_FFA,TORUS,CLONE,RANDOM,RANDOM,5,2,SSE,3,12.81,28.44
balance,MPI_FFA,GRAPH,CLONE,RANDOM,RANDOM,5,1,SSE,3,39.03,138.91
blood,MPI_FFA,GRAPH,CLONE,RANDOM,RANDOM,5,1,SSE,2,49.88,36.8
pathbased,MPI_FFA,GRAPH,CLONE,RANDOM,RANDOM,5,1,SSE,3,18.71,8.56
smiley,MPI_FFA,GRAPH,CLONE,RANDOM,RANDOM,5,1,SSE,4,31.66,11.71
vary-density,MPI_FFA,GRAPH,CLONE,RANDOM,RANDOM,5,1,SSE,3,10.99,2.48
wine,MPI_FFA,GRAPH,CLONE,RANDOM,RANDOM,5,1,SSE,3,13.22,29.98
balance,MPI_FFA,SAME,CLONE,BEST,RANDOM,3,2,SSE,3,23.96,141.55
blood,MPI_FFA,SAME,CLONE,BEST,RANDOM,3,2,SSE,2,37.06,73.66
pathbased,MPI_FFA,SAME,CLONE,BEST,RANDOM,3,2,SSE,3,15.38,9.25
smiley,MPI_FFA,SAME,CLONE,BEST,RANDOM,3,2,SSE,4,24.16,12.61
vary-density,MPI_FFA,SAME,CLONE,BEST,RANDOM,3,2,SSE,3,7.51,4.01
wine,MPI_FFA,SAME,CLONE,BEST,RANDOM,3,2,SSE,3,9.68,70.15
balance,MPI_FFA,GOODBAD,REMOVE,RANDOM,WORST,5,1,SSE,3,26.67,141.55
blood,MPI_FFA,GOODBAD,REMOVE,RANDOM,WORST,5,1,SSE,2,43.55,73.66
pathbased,MPI_FFA,GOODBAD,REMOVE,RANDOM,WORST,5,1,SSE,3,13.17,9.25
smiley,MPI_FFA,GOODBAD,REMOVE,RANDOM,WORST,5,1,SSE,4,24.44,12.61
vary-density,MPI_FFA,GOODBAD,REMOVE,RANDOM,WORST,5,1,SSE,3,8.34,4.01
wine,MPI_FFA,GOODBAD,REMOVE,RANDOM,WORST,5,1,SSE,3,11.06,70.15
balance,MPI_FFA,RAND,CLONE,BEST,RANDOM,1,2,SSE,3,32.5,141.55
blood,MPI_FFA,RAND,CLONE,BEST,RANDOM,1,2,SSE,2,36.19,73.66
pathbased,MPI_FFA,RAND,CLONE,BEST,RANDOM,1,2,SSE,3,15.38,9.25
smiley,MPI_FFA,RAND,CLONE,BEST,RANDOM,1,2,SSE,4,25.07,12.61
vary-density,MPI_FFA,RAND,CLONE,BEST,RANDOM,1,2,SSE,3,8.62,4.01
wine,MPI_FFA,RAND,CLONE,BEST,RANDOM,1,2,SSE,3,8.88,70.15
balance,MPI_GWO,RING,CLONE,BEST,WORST,5,1,SSE,3,38.44,139.06
blood,MPI_GWO,RING,CLONE,BEST,WORST,5,1,SSE,2,47.76,36.81
pathbased,MPI_GWO,RING,CLONE,BEST,WORST,5,1,SSE,3,17.98,8.57
smiley,MPI_GWO,RING,CLONE,BEST,WORST,5,1,SSE,4,29.5,11.73
vary-density,MPI_GWO,RING,CLONE,BEST,WORST,5,1,SSE,3,9.41,2.48
wine,MPI_GWO,RING,CLONE,BEST,WORST,5,1,SSE,3,11.09,27.99
balance,MPI_GWO,TREE,CLONE,WORST,WORST,5,1,SSE,3,38.0,139.02
blood,MPI_GWO,TREE,CLONE,WORST,WORST,5,1,SSE,2,46.08,36.81
pathbased,MPI_GWO,TREE,CLONE,WORST,WORST,5,1,SSE,3,17.76,8.57
smiley,MPI_GWO,TREE,CLONE,WORST,WORST,5,1,SSE,4,30.48,11.73
vary-density,MPI_GWO,TREE,CLONE,WORST,WORST,5,1,SSE,3,8.99,2.48
wine,MPI_GWO,TREE,CLONE,WORST,WORST,5,1,SSE,3,11.33,27.58
balance,MPI_GWO,NETA,CLONE,WORST,BEST,5,1,SSE,3,38.47,138.99
blood,MPI_GWO,NETA,CLONE,WORST,BEST,5,1,SSE,2,46.83,36.8
pathbased,MPI_GWO,NETA,CLONE,WORST,BEST,5,1,SSE,3,16.93,8.57
smiley,MPI_GWO,NETA,CLONE,WORST,BEST,5,1,SSE,4,30.62,11.73
vary-density,MPI_GWO,NETA,CLONE,WORST,BEST,5,1,SSE,3,8.91,2.48
wine,MPI_GWO,NETA,CLONE,WORST,BEST,5,1,SSE,3,11.47,27.45
balance,MPI_GWO,NETB,CLONE,WORST,BEST,3,1,SSE,3,38.37,138.99
blood,MPI_GWO,NETB,CLONE,WORST,BEST,3,1,SSE,2,48.04,36.8
pathbased,MPI_GWO,NETB,CLONE,WORST,BEST,3,1,SSE,3,17.89,8.57
smiley,MPI_GWO,NETB,CLONE,WORST,BEST,3,1,SSE,4,30.28,11.73
vary-density,MPI_GWO,NETB,CLONE,WORST,BEST,3,1,SSE,3,9.41,2.48
wine,MPI_GWO,NETB,CLONE,WORST,BEST,3,1,SSE,3,11.74,27.47
balance,MPI_GWO,TORUS,CLONE,BEST,BEST,5,1,SSE,3,40.53,138.98
blood,MPI_GWO,TORUS,CLONE,BEST,BEST,5,1,SSE,2,46.16,36.8
pathbased,MPI_GWO,TORUS,CLONE,BEST,BEST,5,1,SSE,3,18.1,8.56
smiley,MPI_GWO,TORUS,CLONE,BEST,BEST,5,1,SSE,4,30.89,11.73
vary-density,MPI_GWO,TORUS,CLONE,BEST,BEST,5,1,SSE,3,8.73,2.48
wine,MPI_GWO,TORUS,CLONE,BEST,BEST,5,1,SSE,3,11.68,27.46
balance,MPI_GWO,GRAPH,CLONE,RANDOM,RANDOM,3,2,SSE,3,38.61,138.97
blood,MPI_GWO,GRAPH,CLONE,RANDOM,RANDOM,3,2,SSE,2,47.95,36.8
pathbased,MPI_GWO,GRAPH,CLONE,RANDOM,RANDOM,3,2,SSE,3,17.28,8.56
smiley,MPI_GWO,GRAPH,CLONE,RANDOM,RANDOM,3,2,SSE,4,29.9,11.73
vary-density,MPI_GWO,GRAPH,CLONE,RANDOM,RANDOM,3,2,SSE,3,9.2,2.48
wine,MPI_GWO,GRAPH,CLONE,RANDOM,RANDOM,3,2,SSE,3,11.76,27.42
balance,MPI_GWO,SAME,CLONE,BEST,RANDOM,2,8,SSE,3,28.1,140.52
blood,MPI_GWO,SAME,CLONE,BEST,RANDOM,2,8,SSE,2,35.31,40.45
pathbased,MPI_GWO,SAME,CLONE,BEST,RANDOM,2,8,SSE,3,12.16,9.36
smiley,MPI_GWO,SAME,CLONE,BEST,RANDOM,2,8,SSE,4,21.48,13.53
vary-density,MPI_GWO,SAME,CLONE,BEST,RANDOM,2,8,SSE,3,7.08,2.72
wine,MPI_GWO,SAME,CLONE,BEST,RANDOM,2,8,SSE,3,7.98,57.06
balance,MPI_GWO,GOODBAD,CLONE,RANDOM,BEST,5,1,SSE,3,28.74,139.65
blood,MPI_GWO,GOODBAD,CLONE,RANDOM,BEST,5,1,SSE,2,34.91,40.78
pathbased,MPI_GWO,GOODBAD,CLONE,RANDOM,BEST,5,1,SSE,3,14.97,8.98
smiley,MPI_GWO,GOODBAD,CLONE,RANDOM,BEST,5,1,SSE,4,22.3,12.97
vary-density,MPI_GWO,GOODBAD,CLONE,RANDOM,BEST,5,1,SSE,3,7.52,2.54
wine,MPI_GWO,GOODBAD,CLONE,RANDOM,BEST,5,1,SSE,3,9.83,55.25
balance,MPI_GWO,RAND,REMOVE,WORST,BEST,3,4,SSE,3,27.57,140.97
blood,MPI_GWO,RAND,REMOVE,WORST,BEST,3,4,SSE,2,36.17,42.22
pathbased,MPI_GWO,RAND,REMOVE,WORST,BEST,3,4,SSE,3,13.58,9.34
smiley,MPI_GWO,RAND,REMOVE,WORST,BEST,3,4,SSE,4,22.65,13.26
vary-density,MPI_GWO,RAND,REMOVE,WORST,BEST,3,4,SSE,3,6.9,2.76
wine,MPI_GWO,RAND,REMOVE,WORST,BEST,3,4,SSE,3,9.7,58.05
balance,MPI_WOA,RING,CLONE,BEST,WORST,4,1,SSE,3,37.49,139.69
blood,MPI_WOA,RING,CLONE,BEST,WORST,4,1,SSE,2,46.8,36.81
pathbased,MPI_WOA,RING,CLONE,BEST,WORST,4,1,SSE,3,16.9,8.57
smiley,MPI_WOA,RING,CLONE,BEST,WORST,4,1,SSE,4,28.62,11.8
vary-density,MPI_WOA,RING,CLONE,BEST,WORST,4,1,SSE,3,8.86,2.48
wine,MPI_WOA,RING,CLONE,BEST,WORST,4,1,SSE,3,11.4,41.45
balance,MPI_WOA,TREE,REMOVE,BEST,WORST,4,8,SSE,3,39.29,140.43
blood,MPI_WOA,TREE,REMOVE,BEST,WORST,4,8,SSE,2,44.23,36.85
pathbased,MPI_WOA,TREE,REMOVE,BEST,WORST,4,8,SSE,3,16.08,8.58
smiley,MPI_WOA,TREE,REMOVE,BEST,WORST,4,8,SSE,4,27.29,11.86
vary-density,MPI_WOA,TREE,REMOVE,BEST,WORST,4,8,SSE,3,8.32,2.48
wine,MPI_WOA,TREE,REMOVE,BEST,WORST,4,8,SSE,3,10.64,47.69
balance,MPI_WOA,NETA,CLONE,RANDOM,RANDOM,4,1,SSE,3,38.94,139.85
blood,MPI_WOA,NETA,CLONE,RANDOM,RANDOM,4,1,SSE,2,48.32,36.8
pathbased,MPI_WOA,NETA,CLONE,RANDOM,RANDOM,4,1,SSE,3,17.5,8.56
smiley,MPI_WOA,NETA,CLONE,RANDOM,RANDOM,4,1,SSE,4,29.36,11.87
vary-density,MPI_WOA,NETA,CLONE,RANDOM,RANDOM,4,1,SSE,3,9.24,2.48
wine,MPI_WOA,NETA,CLONE,RANDOM,RANDOM,4,1,SSE,3,10.85,39.55
balance,MPI_WOA,NETB,REMOVE,BEST,RANDOM,4,1,SSE,3,39.5,139.32
blood,MPI_WOA,NETB,REMOVE,BEST,RANDOM,4,1,SSE,2,44.06,36.8
pathbased,MPI_WOA,NETB,REMOVE,BEST,RANDOM,4,1,SSE,3,17.29,8.56
smiley,MPI_WOA,NETB,REMOVE,BEST,RANDOM,4,1,SSE,4,29.79,11.73
vary-density,MPI_WOA,NETB,REMOVE,BEST,RANDOM,4,1,SSE,3,9.24,2.48
wine,MPI_WOA,NETB,REMOVE,BEST,RANDOM,4,1,SSE,3,11.48,35.95
balance,MPI_WOA,TORUS,REMOVE,RANDOM,RANDOM,2,1,SSE,3,38.03,139.44
blood,MPI_WOA,TORUS,REMOVE,RANDOM,RANDOM,2,1,SSE,2,48.32,36.8
pathbased,MPI_WOA,TORUS,REMOVE,RANDOM,RANDOM,2,1,SSE,3,17.66,8.56
smiley,MPI_WOA,TORUS,REMOVE,RANDOM,RANDOM,2,1,SSE,4,29.48,11.75
vary-density,MPI_WOA,TORUS,REMOVE,RANDOM,RANDOM,2,1,SSE,3,9.37,2.48
wine,MPI_WOA,TORUS,REMOVE,RANDOM,RANDOM,2,1,SSE,3,10.85,36.75
balance,MPI_WOA,GRAPH,CLONE,WORST,RANDOM,4,4,SSE,3,39.21,139.73
blood,MPI_WOA,GRAPH,CLONE,WORST,RANDOM,4,4,SSE,2,46.76,36.82
pathbased,MPI_WOA,GRAPH,CLONE,WORST,RANDOM,4,4,SSE,3,16.99,8.56
smiley,MPI_WOA,GRAPH,CLONE,WORST,RANDOM,4,4,SSE,4,30.5,11.96
vary-density,MPI_WOA,GRAPH,CLONE,WORST,RANDOM,4,4,SSE,3,9.05,2.48
wine,MPI_WOA,GRAPH,CLONE,WORST,RANDOM,4,4,SSE,3,10.82,41.81
balance,MPI_WOA,SAME,REMOVE,WORST,BEST,2,6,SSE,3,24.18,151.8
blood,MPI_WOA,SAME,REMOVE,WORST,BEST,2,6,SSE,2,38.16,64.51
pathbased,MPI_WOA,SAME,REMOVE,WORST,BEST,2,6,SSE,3,12.88,12.24
smiley,MPI_WOA,SAME,REMOVE,WORST,BEST,2,6,SSE,4,24.29,15.94
vary-density,MPI_WOA,SAME,REMOVE,WORST,BEST,2,6,SSE,3,6.78,4.27
wine,MPI_WOA,SAME,REMOVE,WORST,BEST,2,6,SSE,3,8.16,114.11
balance,MPI_WOA,GOODBAD,REMOVE,BEST,WORST,4,1,SSE,3,28.78,151.6
blood,MPI_WOA,GOODBAD,REMOVE,BEST,WORST,4,1,SSE,2,36.2,59.84
pathbased,MPI_WOA,GOODBAD,REMOVE,BEST,WORST,4,1,SSE,3,13.72,12.24
smiley,MPI_WOA,GOODBAD,REMOVE,BEST,WORST,4,1,SSE,4,24.88,15.17
vary-density,MPI_WOA,GOODBAD,REMOVE,BEST,WORST,4,1,SSE,3,7.46,4.23
wine,MPI_WOA,GOODBAD,REMOVE,BEST,WORST,4,1,SSE,3,7.25,121.8
balance,MPI_WOA,RAND,REMOVE,BEST,BEST,1,4,SSE,3,31.63,152.33
blood,MPI_WOA,RAND,REMOVE,BEST,BEST,1,4,SSE,2,34.09,63.24
pathbased,MPI_WOA,RAND,REMOVE,BEST,BEST,1,4,SSE,3,14.27,11.98
smiley,MPI_WOA,RAND,REMOVE,BEST,BEST,1,4,SSE,4,20.71,15.45
vary-density,MPI_WOA,RAND,REMOVE,BEST,BEST,1,4,SSE,3,7.53,4.28
wine,MPI_WOA,RAND,REMOVE,BEST,BEST,1,4,SSE,3,8.31,112.45
balance,MPI_MVO,RING,CLONE,WORST,BEST,4,1,SSE,3,37.96,138.94
blood,MPI_MVO,RING,CLONE,WORST,BEST,4,1,SSE,2,47.28,36.81
pathbased,MPI_MVO,RING,CLONE,WORST,BEST,4,1,SSE,3,17.29,8.56
smiley,MPI_MVO,RING,CLONE,WORST,BEST,4,1,SSE,4,28.24,11.72
vary-density,MPI_MVO,RING,CLONE,WORST,BEST,4,1,SSE,3,8.77,2.48
wine,MPI_MVO,RING,CLONE,WORST,BEST,4,1,SSE,3,11.01,28.79
balance,MPI_MVO,TREE,REMOVE,BEST,WORST,2,4,SSE,3,36.89,138.95
blood,MPI_MVO,TREE,REMOVE,BEST,WORST,2,4,SSE,2,43.88,36.81
pathbased,MPI_MVO,TREE,REMOVE,BEST,WORST,2,4,SSE,3,17.88,8.56
smiley,MPI_MVO,TREE,REMOVE,BEST,WORST,2,4,SSE,4,29.16,11.72
vary-density,MPI_MVO,TREE,REMOVE,BEST,WORST,2,4,SSE,3,8.79,2.48
wine,MPI_MVO,TREE,REMOVE,BEST,WORST,2,4,SSE,3,10.85,28.84
balance,MPI_MVO,NETA,CLONE,BEST,RANDOM,5,4,SSE,3,37.13,138.92
blood,MPI_MVO,NETA,CLONE,BEST,RANDOM,5,4,SSE,2,48.01,36.81
pathbased,MPI_MVO,NETA,CLONE,BEST,RANDOM,5,4,SSE,3,17.86,8.56
smiley,MPI_MVO,NETA,CLONE,BEST,RANDOM,5,4,SSE,4,30.76,11.72
vary-density,MPI_MVO,NETA,CLONE,BEST,RANDOM,5,4,SSE,3,9.26,2.48
wine,MPI_MVO,NETA,CLONE,BEST,RANDOM,5,4,SSE,3,10.86,27.78
balance,MPI_MVO,NETB,REMOVE,BEST,WORST,5,1,SSE,3,39.24,138.91
blood,MPI_MVO,NETB,REMOVE,BEST,WORST,5,1,SSE,2,49.57,36.81
pathbased,MPI_MVO,NETB,REMOVE,BEST,WORST,5,1,SSE,3,17.17,8.56
smiley,MPI_MVO,NETB,REMOVE,BEST,WORST,5,1,SSE,4,30.04,11.72
vary-density,MPI_MVO,NETB,REMOVE,BEST,WORST,5,1,SSE,3,8.97,2.48
wine,MPI_MVO,NETB,REMOVE,BEST,WORST,5,1,SSE,3,11.52,27.55
balance,MPI_MVO,TORUS,CLONE,BEST,RANDOM,3,1,SSE,3,37.18,138.91
blood,MPI_MVO,TORUS,CLONE,BEST,RANDOM,3,1,SSE,2,47.03,36.81
pathbased,MPI_MVO,TORUS,CLONE,BEST,RANDOM,3,1,SSE,3,16.93,8.56
smiley,MPI_MVO,TORUS,CLONE,BEST,RANDOM,3,1,SSE,4,29.37,11.84
vary-density,MPI_MVO,TORUS,CLONE,BEST,RANDOM,3,1,SSE,3,9.34,2.48
wine,MPI_MVO,TORUS,CLONE,BEST,RANDOM,3,1,SSE,3,11.44,35.33
balance,MPI_MVO,GRAPH,CLONE,RANDOM,RANDOM,1,1,SSE,3,37.19,138.91
blood,MPI_MVO,GRAPH,CLONE,RANDOM,RANDOM,1,1,SSE,2,47.93,36.81
pathbased,MPI_MVO,GRAPH,CLONE,RANDOM,RANDOM,1,1,SSE,3,18.57,8.56
smiley,MPI_MVO,GRAPH,CLONE,RANDOM,RANDOM,1,1,SSE,4,31.01,11.72
vary-density,MPI_MVO,GRAPH,CLONE,RANDOM,RANDOM,1,1,SSE,3,9.2,2.48
wine,MPI_MVO,GRAPH,CLONE,RANDOM,RANDOM,1,1,SSE,3,11.05,27.52
balance,MPI_MVO,SAME,REMOVE,WORST,BEST,3,2,SSE,3,24.27,139.25
blood,MPI_MVO,SAME,REMOVE,WORST,BEST,3,2,SSE,2,35.56,55.17
pathbased,MPI_MVO,SAME,REMOVE,WORST,BEST,3,2,SSE,3,12.7,8.57
smiley,MPI_MVO,SAME,REMOVE,WORST,BEST,3,2,SSE,4,24.12,12.47
vary-density,MPI_MVO,SAME,REMOVE,WORST,BEST,3,2,SSE,3,7.12,3.49
wine,MPI_MVO,SAME,REMOVE,WORST,BEST,3,2,SSE,3,9.54,54.69
balance,MPI_MVO,GOODBAD,CLONE,RANDOM,RANDOM,5,8,SSE,3,27.58,139.27
blood,MPI_MVO,GOODBAD,CLONE,RANDOM,RANDOM,5,8,SSE,2,39.05,50.9
pathbased,MPI_MVO,GOODBAD,CLONE,RANDOM,RANDOM,5,8,SSE,3,13.05,8.57
smiley,MPI_MVO,GOODBAD,CLONE,RANDOM,RANDOM,5,8,SSE,4,23.01,12.41
vary-density,MPI_MVO,GOODBAD,CLONE,RANDOM,RANDOM,5,8,SSE,3,7.44,3.77
wine,MPI_MVO,GOODBAD,CLONE,RANDOM,RANDOM,5,8,SSE,3,7.49,54.72
balance,MPI_MVO,RAND,REMOVE,WORST,WORST,2,8,SSE,3,28.26,139.3
blood,MPI_MVO,RAND,REMOVE,WORST,WORST,2,8,SSE,2,36.0,54.9
pathbased,MPI_MVO,RAND,REMOVE,WORST,WORST,2,8,SSE,3,13.74,8.57
smiley,MPI_MVO,RAND,REMOVE,WORST,WORST,2,8,SSE,4,20.6,12.48
vary-density,MPI_MVO,RAND,REMOVE,WORST,WORST,2,8,SSE,3,6.37,3.63
wine,MPI_MVO,RAND,REMOVE,WORST,WORST,2,8,SSE,3,7.67,54.66
balance,MPI_MFO,RING,CLONE,BEST,BEST,4,1,SSE,3,36.74,138.97
blood,MPI_MFO,RING,CLONE,BEST,BEST,4,1,SSE,2,46.58,36.8
pathbased,MPI_MFO,RING,CLONE,BEST,BEST,4,1,SSE,3,17.7,8.56
smiley,MPI_MFO,RING,CLONE,BEST,BEST,4,1,SSE,4,30.24,11.71
vary-density,MPI_MFO,RING,CLONE,BEST,BEST,4,1,SSE,3,8.95,2.48
wine,MPI_MFO,RING,CLONE,BEST,BEST,4,1,SSE,3,11.12,47.37
balance,MPI_MFO,TREE,CLONE,WORST,WORST,4,1,SSE,3,36.57,138.9
blood,MPI_MFO,TREE,CLONE,WORST,WORST,4,1,SSE,2,46.84,36.8
pathbased,MPI_MFO,TREE,CLONE,WORST,WORST,4,1,SSE,3,17.83,8.56
smiley,MPI_MFO,TREE,CLONE,WORST,WORST,4,1,SSE,4,29.67,11.78
vary-density,MPI_MFO,TREE,CLONE,WORST,WORST,4,1,SSE,3,9.09,2.48
wine,MPI_MFO,TREE,CLONE,WORST,WORST,4,1,SSE,3,11.2,44.24
balance,MPI_MFO,NETA,CLONE,BEST,BEST,3,1,SSE,3,37.4,138.91
blood,MPI_MFO,NETA,CLONE,BEST,BEST,3,1,SSE,2,47.78,36.8
pathbased,MPI_MFO,NETA,CLONE,BEST,BEST,3,1,SSE,3,18.32,8.56
smiley,MPI_MFO,NETA,CLONE,BEST,BEST,3,1,SSE,4,29.46,11.81
vary-density,MPI_MFO,NETA,CLONE,BEST,BEST,3,1,SSE,3,9.32,2.48
wine,MPI_MFO,NETA,CLONE,BEST,BEST,3,1,SSE,3,11.18,43.73
balance,MPI_MFO,NETB,CLONE,BEST,BEST,4,1,SSE,3,37.36,138.9
blood,MPI_MFO,NETB,CLONE,BEST,BEST,4,1,SSE,2,48.18,36.8
pathbased,MPI_MFO,NETB,CLONE,BEST,BEST,4,1,SSE,3,17.39,8.56
smiley,MPI_MFO,NETB,CLONE,BEST,BEST,4,1,SSE,4,30.57,11.81
vary-density,MPI_MFO,NETB,CLONE,BEST,BEST,4,1,SSE,3,8.96,2.48
wine,MPI_MFO,NETB,CLONE,BEST,BEST,4,1,SSE,3,11.36,44.2
balance,MPI_MFO,TORUS,CLONE,BEST,WORST,4,4,SSE,3,38.33,138.91
blood,MPI_MFO,TORUS,CLONE,BEST,WORST,4,4,SSE,2,46.97,36.8
pathbased,MPI_MFO,TORUS,CLONE,BEST,WORST,4,4,SSE,3,17.45,8.56
smiley,MPI_MFO,TORUS,CLONE,BEST,WORST,4,4,SSE,4,28.75,11.78
vary-density,MPI_MFO,TORUS,CLONE,BEST,WORST,4,4,SSE,3,8.9,2.48
wine,MPI_MFO,TORUS,CLONE,BEST,WORST,4,4,SSE,3,11.36,46.39
balance,MPI_MFO,GRAPH,CLONE,BEST,RANDOM,2,10,SSE,3,37.8,138.92
blood,MPI_MFO,GRAPH,CLONE,BEST,RANDOM,2,10,SSE,2,46.16,36.8
pathbased,MPI_MFO,GRAPH,CLONE,BEST,RANDOM,2,10,SSE,3,17.79,8.56
smiley,MPI_MFO,GRAPH,CLONE,BEST,RANDOM,2,10,SSE,4,30.02,11.78
vary-density,MPI_MFO,GRAPH,CLONE,BEST,RANDOM,2,10,SSE,3,9.28,2.48
wine,MPI_MFO,GRAPH,CLONE,BEST,RANDOM,2,10,SSE,3,11.35,42.13
balance,MPI_MFO,SAME,REMOVE,WORST,RANDOM,5,8,SSE,3,29.42,141.22
blood,MPI_MFO,SAME,REMOVE,WORST,RANDOM,5,8,SSE,2,35.09,42.08
pathbased,MPI_MFO,SAME,REMOVE,WORST,RANDOM,5,8,SSE,3,12.88,8.74
smiley,MPI_MFO,SAME,REMOVE,WORST,RANDOM,5,8,SSE,4,24.36,13.32
vary-density,MPI_MFO,SAME,REMOVE,WORST,RANDOM,5,8,SSE,3,6.74,3.11
wine,MPI_MFO,SAME,REMOVE,WORST,RANDOM,5,8,SSE,3,7.18,87.74
balance,MPI_MFO,GOODBAD,REMOVE,RANDOM,WORST,5,10,SSE,3,28.4,142.12
blood,MPI_MFO,GOODBAD,REMOVE,RANDOM,WORST,5,10,SSE,2,39.15,41.76
pathbased,MPI_MFO,GOODBAD,REMOVE,RANDOM,WORST,5,10,SSE,3,15.22,8.74
smiley,MPI_MFO,GOODBAD,REMOVE,RANDOM,WORST,5,10,SSE,4,22.91,12.92
vary-density,MPI_MFO,GOODBAD,REMOVE,RANDOM,WORST,5,10,SSE,3,6.74,3.54
wine,MPI_MFO,GOODBAD,REMOVE,RANDOM,WORST,5,10,SSE,3,8.88,81.05
balance,MPI_MFO,RAND,CLONE,WORST,BEST,5,8,SSE,3,30.02,140.84
blood,MPI_MFO,RAND,CLONE,WORST,BEST,5,8,SSE,2,41.53,43.54
pathbased,MPI_MFO,RAND,CLONE,WORST,BEST,5,8,SSE,3,11.2,8.72
smiley,MPI_MFO,RAND,CLONE,WORST,BEST,5,8,SSE,4,20.46,12.84
vary-density,MPI_MFO,RAND,CLONE,WORST,BEST,5,8,SSE,3,5.68,3.51
wine,MPI_MFO,RAND,CLONE,WORST,BEST,5,8,SSE,3,8.3,85.44
balance,MPI_CS,RING,REMOVE,RANDOM,BEST,4,2,SSE,3,74.64,142.89
blood,MPI_CS,RING,REMOVE,RANDOM,BEST,4,2,SSE,2,96.35,212.92
pathbased,MPI_CS,RING,REMOVE,RANDOM,BEST,4,2,SSE,3,33.14,24.13
smiley,MPI_CS,RING,REMOVE,RANDOM,BEST,4,2,SSE,4,55.56,13.2
vary-density,MPI_CS,RING,REMOVE,RANDOM,BEST,4,2,SSE,3,17.96,2.79
wine,MPI_CS,RING,REMOVE,RANDOM,BEST,4,2,SSE,3,21.17,100.14
balance,MPI_CS,TREE,CLONE,RANDOM,BEST,2,2,SSE,3,70.35,142.89
blood,MPI_CS,TREE,CLONE,RANDOM,BEST,2,2,SSE,2,96.56,44.89
pathbased,MPI_CS,TREE,CLONE,RANDOM,BEST,2,2,SSE,3,35.32,13.63
smiley,MPI_CS,TREE,CLONE,RANDOM,BEST,2,2,SSE,4,57.63,13.12
vary-density,MPI_CS,TREE,CLONE,RANDOM,BEST,2,2,SSE,3,17.44,2.8
wine,MPI_CS,TREE,CLONE,RANDOM,BEST,2,2,SSE,3,21.48,78.55
balance,MPI_CS,NETA,REMOVE,WORST,WORST,5,10,SSE,3,73.65,144.41
blood,MPI_CS,NETA,REMOVE,WORST,WORST,5,10,SSE,2,96.51,49.46
pathbased,MPI_CS,NETA,REMOVE,WORST,WORST,5,10,SSE,3,34.59,9.05
smiley,MPI_CS,NETA,REMOVE,WORST,WORST,5,10,SSE,4,56.47,13.43
vary-density,MPI_CS,NETA,REMOVE,WORST,WORST,5,10,SSE,3,17.34,2.91
wine,MPI_CS,NETA,REMOVE,WORST,WORST,5,10,SSE,3,21.36,81.61
balance,MPI_CS,NETB,CLONE,RANDOM,BEST,4,10,SSE,3,70.14,172.4
blood,MPI_CS,NETB,CLONE,RANDOM,BEST,4,10,SSE,2,97.52,43.34
pathbased,MPI_CS,NETB,CLONE,RANDOM,BEST,4,10,SSE,3,34.32,14.13
smiley,MPI_CS,NETB,CLONE,RANDOM,BEST,4,10,SSE,4,56.81,13.2
vary-density,MPI_CS,NETB,CLONE,RANDOM,BEST,4,10,SSE,3,17.57,3.75
wine,MPI_CS,NETB,CLONE,RANDOM,BEST,4,10,SSE,3,20.64,77.45
balance,MPI_CS,TORUS,REMOVE,RANDOM,BEST,5,8,SSE,3,73.52,157.25
blood,MPI_CS,TORUS,REMOVE,RANDOM,BEST,5,8,SSE,2,100.16,168.1
pathbased,MPI_CS,TORUS,REMOVE,RANDOM,BEST,5,8,SSE,3,35.28,18.55
smiley,MPI_CS,TORUS,REMOVE,RANDOM,BEST,5,8,SSE,4,57.38,13.18
vary-density,MPI_CS,TORUS,REMOVE,RANDOM,BEST,5,8,SSE,3,17.44,2.81
wine,MPI_CS,TORUS,REMOVE,RANDOM,BEST,5,8,SSE,3,21.27,90.33
balance,MPI_CS,GRAPH,CLONE,RANDOM,BEST,2,4,SSE,3,73.25,143.08
blood,MPI_CS,GRAPH,CLONE,RANDOM,BEST,2,4,SSE,2,99.6,44.23
pathbased,MPI_CS,GRAPH,CLONE,RANDOM,BEST,2,4,SSE,3,34.84,12.99
smiley,MPI_CS,GRAPH,CLONE,RANDOM,BEST,2,4,SSE,4,59.81,29.08
vary-density,MPI_CS,GRAPH,CLONE,RANDOM,BEST,2,4,SSE,3,17.57,2.88
wine,MPI_CS,GRAPH,CLONE,RANDOM,BEST,2,4,SSE,3,21.63,78.1
balance,MPI_CS,SAME,REMOVE,RANDOM,BEST,2,10,SSE,3,64.58,143.59
blood,MPI_CS,SAME,REMOVE,RANDOM,BEST,2,10,SSE,2,77.85,49.21
pathbased,MPI_CS,SAME,REMOVE,RANDOM,BEST,2,10,SSE,3,28.06,9.07
smiley,MPI_CS,SAME,REMOVE,RANDOM,BEST,2,10,SSE,4,41.14,13.49
vary-density,MPI_CS,SAME,REMOVE,RANDOM,BEST,2,10,SSE,3,15.49,2.89
wine,MPI_CS,SAME,REMOVE,RANDOM,BEST,2,10,SSE,3,15.34,84.95
balance,MPI_CS,GOODBAD,CLONE,BEST,BEST,4,6,SSE,3,57.9,143.56
blood,MPI_CS,GOODBAD,CLONE,BEST,BEST,4,6,SSE,2,82.24,48.39
pathbased,MPI_CS,GOODBAD,CLONE,BEST,BEST,4,6,SSE,3,27.43,9.05
smiley,MPI_CS,GOODBAD,CLONE,BEST,BEST,4,6,SSE,4,39.34,13.48
vary-density,MPI_CS,GOODBAD,CLONE,BEST,BEST,4,6,SSE,3,11.49,2.89
wine,MPI_CS,GOODBAD,CLONE,BEST,BEST,4,6,SSE,3,16.21,84.43
balance,MPI_CS,RAND,REMOVE,WORST,WORST,2,1,SSE,3,54.83,143.61
blood,MPI_CS,RAND,REMOVE,WORST,WORST,2,1,SSE,2,79.54,47.98
pathbased,MPI_CS,RAND,REMOVE,WORST,WORST,2,1,SSE,3,25.92,9.13
smiley,MPI_CS,RAND,REMOVE,WORST,WORST,2,1,SSE,4,44.96,13.39
vary-density,MPI_CS,RAND,REMOVE,WORST,WORST,2,1,SSE,3,15.14,2.98
wine,MPI_CS,RAND,REMOVE,WORST,WORST,2,1,SSE,3,16.35,85.72
